[
  {
    "id": 0,
    "name": "Whitney",
    "firstSurname": "Newton",
    "secondSurname": "Townsend",
    "photo": "",
    "birth": "1960-7-12",
    "company": "HOUSEDOWN",
    "email": "whitney.newton@housedown.co.uk",
    "phone1": "+34 667 182 530",
    "phone2": "+34 (96) 167 89 14",
    "address": "C/ Valle Inclán,  17 Albacete"
  },
  {
    "id": 1,
    "name": "Haley",
    "firstSurname": "Leon",
    "secondSurname": "Harrison",
    "photo": "",
    "birth": "1972-8-23",
    "company": "KYAGURU",
    "email": "haley.leon@kyaguru.tv",
    "phone1": "+34 621 453 352",
    "phone2": "+34 (91) 207 87 79",
    "address": "C/ Asimov,  94 Pedreguer"
  },
  {
    "id": 2,
    "name": "Juliana",
    "firstSurname": "Dalton",
    "secondSurname": "Bentley",
    "photo": "",
    "birth": "1989-1-19",
    "company": "YOGASM",
    "email": "juliana.dalton@yogasm.net",
    "phone1": "+34 658 650 165",
    "phone2": "+34 (93) 367 73 56",
    "address": "C/ Valle Inclán,  73 Oliva"
  },
  {
    "id": 3,
    "name": "Brenda",
    "firstSurname": "Pickett",
    "secondSurname": "Robbins",
    "photo": "",
    "birth": "1987-3-8",
    "company": "XINWARE",
    "email": "brenda.pickett@xinware.me",
    "phone1": "+34 635 365 332",
    "phone2": "+34 (91) 259 21 23",
    "address": "C/ Ulises,  96 Barcelona"
  },
  {
    "id": 4,
    "name": "Hattie",
    "firstSurname": "Jenkins",
    "secondSurname": "Mcfadden",
    "photo": "",
    "birth": "1997-10-27",
    "company": "SEQUITUR",
    "email": "hattie.jenkins@sequitur.info",
    "phone1": "+34 624 232 439",
    "phone2": "+34 (92) 258 59 69",
    "address": "C/ Asimov,  57 Murcia"
  },
  {
    "id": 5,
    "name": "Sarah",
    "firstSurname": "Blake",
    "secondSurname": "Gilliam",
    "photo": "",
    "birth": "1969-1-21",
    "company": "POWERNET",
    "email": "sarah.blake@powernet.com",
    "phone1": "+34 664 424 476",
    "phone2": "+34 (95) 225 83 90",
    "address": "C/ Mayor,  57 Gandia"
  },
  {
    "id": 6,
    "name": "Leticia",
    "firstSurname": "Bolton",
    "secondSurname": "Whitaker",
    "photo": "",
    "birth": "1968-4-9",
    "company": "VURBO",
    "email": "leticia.bolton@vurbo.name",
    "phone1": "+34 644 409 488",
    "phone2": "+34 (95) 305 47 36",
    "address": "C/ Cristo,  111 Castellón"
  },
  {
    "id": 7,
    "name": "Franco",
    "firstSurname": "Espinoza",
    "secondSurname": "Lucas",
    "photo": "",
    "birth": "1971-9-9",
    "company": "PAPRIKUT",
    "email": "franco.espinoza@paprikut.biz",
    "phone1": "+34 635 113 879",
    "phone2": "+34 (96) 182 25 84",
    "address": "C/ Asimov,  3 Murcia"
  },
  {
    "id": 8,
    "name": "Edwina",
    "firstSurname": "Olson",
    "secondSurname": "Knox",
    "photo": "",
    "birth": "1998-10-19",
    "company": "OCEANICA",
    "email": "edwina.olson@oceanica.io",
    "phone1": "+34 665 971 775",
    "phone2": "+34 (92) 161 63 81",
    "address": "C/ Arriba,  5 Alicante"
  },
  {
    "id": 9,
    "name": "Margery",
    "firstSurname": "Mckenzie",
    "secondSurname": "Wilder",
    "photo": "",
    "birth": "1964-9-26",
    "company": "ROBOID",
    "email": "margery.mckenzie@roboid.us",
    "phone1": "+34 676 971 637",
    "phone2": "+34 (93) 221 70 92",
    "address": "C/ Alfonso XIII,  26 Barcelona"
  },
  {
    "id": 10,
    "name": "Elena",
    "firstSurname": "Weber",
    "secondSurname": "Mueller",
    "photo": "",
    "birth": "1995-11-15",
    "company": "ANDERSHUN",
    "email": "elena.weber@andershun.ca",
    "phone1": "+34 639 696 532",
    "phone2": "+34 (92) 351 72 72",
    "address": "C/ Recta,  50 Madrid"
  },
  {
    "id": 11,
    "name": "Kidd",
    "firstSurname": "Mccarthy",
    "secondSurname": "Murray",
    "photo": "",
    "birth": "1995-5-3",
    "company": "BUZZOPIA",
    "email": "kidd.mccarthy@buzzopia.org",
    "phone1": "+34 660 884 631",
    "phone2": "+34 (91) 334 52 39",
    "address": "C/ Mayor,  54 Albacete"
  },
  {
    "id": 12,
    "name": "Laverne",
    "firstSurname": "Orr",
    "secondSurname": "Robles",
    "photo": "",
    "birth": "1975-4-16",
    "company": "NIKUDA",
    "email": "laverne.orr@nikuda.co.uk",
    "phone1": "+34 657 521 324",
    "phone2": "+34 (92) 241 43 41",
    "address": "C/ Doctor Fleming,  64 Albacete"
  },
  {
    "id": 13,
    "name": "Terrie",
    "firstSurname": "Adams",
    "secondSurname": "Estes",
    "photo": "",
    "birth": "1979-3-30",
    "company": "ZORROMOP",
    "email": "terrie.adams@zorromop.tv",
    "phone1": "+34 630 643 670",
    "phone2": "+34 (94) 152 54 52",
    "address": "C/ Alfonso XIII,  64 Valencia"
  },
  {
    "id": 14,
    "name": "Stein",
    "firstSurname": "Keller",
    "secondSurname": "Rocha",
    "photo": "",
    "birth": "1980-10-3",
    "company": "XLEEN",
    "email": "stein.keller@xleen.net",
    "phone1": "+34 639 664 295",
    "phone2": "+34 (93) 271 50 32",
    "address": "C/ Abajo,  88 Oliva"
  },
  {
    "id": 15,
    "name": "Lorena",
    "firstSurname": "Dunlap",
    "secondSurname": "Bonner",
    "photo": "",
    "birth": "1982-9-8",
    "company": "INTERGEEK",
    "email": "lorena.dunlap@intergeek.me",
    "phone1": "+34 648 449 914",
    "phone2": "+34 (93) 167 91 39",
    "address": "C/ Arriba,  18 Valencia"
  },
  {
    "id": 16,
    "name": "Marianne",
    "firstSurname": "Lowe",
    "secondSurname": "Joyner",
    "photo": "",
    "birth": "1999-3-13",
    "company": "ESCHOIR",
    "email": "marianne.lowe@eschoir.info",
    "phone1": "+34 678 310 812",
    "phone2": "+34 (92) 273 74 84",
    "address": "C/ Ciscar,  55 Xàbia"
  },
  {
    "id": 17,
    "name": "Nicholson",
    "firstSurname": "Nieves",
    "secondSurname": "Puckett",
    "photo": "",
    "birth": "1991-5-4",
    "company": "GINK",
    "email": "nicholson.nieves@gink.com",
    "phone1": "+34 635 675 841",
    "phone2": "+34 (91) 280 15 76",
    "address": "C/ J.R.R. Tolkien,  50 Alicante"
  },
  {
    "id": 18,
    "name": "Baxter",
    "firstSurname": "Sexton",
    "secondSurname": "Burns",
    "photo": "",
    "birth": "1968-10-17",
    "company": "QUARMONY",
    "email": "baxter.sexton@quarmony.name",
    "phone1": "+34 640 393 414",
    "phone2": "+34 (92) 379 83 33",
    "address": "C/ Cristo,  90 Xàbia"
  },
  {
    "id": 19,
    "name": "Billie",
    "firstSurname": "Dixon",
    "secondSurname": "Larsen",
    "photo": "",
    "birth": "1984-7-6",
    "company": "FIREWAX",
    "email": "billie.dixon@firewax.biz",
    "phone1": "+34 621 866 249",
    "phone2": "+34 (94) 203 73 46",
    "address": "C/ Pío Baroja,  95 Castellón"
  },
  {
    "id": 20,
    "name": "Marina",
    "firstSurname": "Mckee",
    "secondSurname": "Tanner",
    "photo": "",
    "birth": "1986-10-15",
    "company": "NIQUENT",
    "email": "marina.mckee@niquent.io",
    "phone1": "+34 622 874 807",
    "phone2": "+34 (96) 304 75 61",
    "address": "C/ Recta,  14 Madrid"
  },
  {
    "id": 21,
    "name": "Rojas",
    "firstSurname": "Cunningham",
    "secondSurname": "Webster",
    "photo": "",
    "birth": "1996-5-1",
    "company": "CENTURIA",
    "email": "rojas.cunningham@centuria.us",
    "phone1": "+34 626 641 432",
    "phone2": "+34 (95) 333 14 27",
    "address": "C/ Ciscar,  33 Valencia"
  },
  {
    "id": 22,
    "name": "Garrett",
    "firstSurname": "Norman",
    "secondSurname": "Pollard",
    "photo": "",
    "birth": "1970-10-31",
    "company": "JETSILK",
    "email": "garrett.norman@jetsilk.ca",
    "phone1": "+34 610 278 154",
    "phone2": "+34 (92) 287 21 16",
    "address": "C/ Doctor Fleming,  34 Pedreguer"
  },
  {
    "id": 23,
    "name": "Mccray",
    "firstSurname": "Koch",
    "secondSurname": "Crosby",
    "photo": "",
    "birth": "1997-9-26",
    "company": "SPACEWAX",
    "email": "mccray.koch@spacewax.org",
    "phone1": "+34 691 541 318",
    "phone2": "+34 (94) 270 23 82",
    "address": "C/ Ulises,  6 Murcia"
  },
  {
    "id": 24,
    "name": "Grant",
    "firstSurname": "Norris",
    "secondSurname": "Rojas",
    "photo": "",
    "birth": "1982-4-12",
    "company": "GEEKKO",
    "email": "grant.norris@geekko.co.uk",
    "phone1": "+34 681 575 231",
    "phone2": "+34 (96) 175 93 13",
    "address": "C/ Doctor Fleming,  61 Alicante"
  },
  {
    "id": 25,
    "name": "Mariana",
    "firstSurname": "Powell",
    "secondSurname": "Blackwell",
    "photo": "",
    "birth": "1970-12-2",
    "company": "EVENTEX",
    "email": "mariana.powell@eventex.tv",
    "phone1": "+34 696 246 235",
    "phone2": "+34 (93) 260 25 54",
    "address": "C/ Arriba,  74 Castellón"
  },
  {
    "id": 26,
    "name": "Elvira",
    "firstSurname": "Golden",
    "secondSurname": "Strickland",
    "photo": "",
    "birth": "1975-10-13",
    "company": "MIRACULA",
    "email": "elvira.golden@miracula.net",
    "phone1": "+34 699 466 918",
    "phone2": "+34 (92) 231 53 68",
    "address": "C/ Mayor,  83 Gandia"
  },
  {
    "id": 27,
    "name": "Kirkland",
    "firstSurname": "Langley",
    "secondSurname": "Cummings",
    "photo": "",
    "birth": "1986-8-1",
    "company": "PLUTORQUE",
    "email": "kirkland.langley@plutorque.me",
    "phone1": "+34 688 331 333",
    "phone2": "+34 (96) 191 34 11",
    "address": "C/ Asimov,  19 Pedreguer"
  },
  {
    "id": 28,
    "name": "Felicia",
    "firstSurname": "Everett",
    "secondSurname": "Ford",
    "photo": "",
    "birth": "1991-11-24",
    "company": "NETAGY",
    "email": "felicia.everett@netagy.info",
    "phone1": "+34 676 375 573",
    "phone2": "+34 (96) 175 75 22",
    "address": "C/ Ulises,  42 Gandia"
  },
  {
    "id": 29,
    "name": "Shaffer",
    "firstSurname": "Chen",
    "secondSurname": "Kirk",
    "photo": "",
    "birth": "1961-5-24",
    "company": "RUGSTARS",
    "email": "shaffer.chen@rugstars.com",
    "phone1": "+34 638 895 876",
    "phone2": "+34 (95) 317 45 93",
    "address": "C/ Ciscar,  95 Albacete"
  },
  {
    "id": 30,
    "name": "Virginia",
    "firstSurname": "Potts",
    "secondSurname": "Jacobs",
    "photo": "",
    "birth": "1982-8-17",
    "company": "CALCULA",
    "email": "virginia.potts@calcula.name",
    "phone1": "+34 617 811 897",
    "phone2": "+34 (94) 163 69 36",
    "address": "C/ Cristo,  92 Madrid"
  },
  {
    "id": 31,
    "name": "Lott",
    "firstSurname": "Macias",
    "secondSurname": "Hayes",
    "photo": "",
    "birth": "1998-9-4",
    "company": "KIDGREASE",
    "email": "lott.macias@kidgrease.biz",
    "phone1": "+34 685 374 288",
    "phone2": "+34 (95) 158 53 92",
    "address": "C/ Barranco,  15 Alicante"
  },
  {
    "id": 32,
    "name": "Mccarty",
    "firstSurname": "Finley",
    "secondSurname": "Walton",
    "photo": "",
    "birth": "1991-8-16",
    "company": "FARMEX",
    "email": "mccarty.finley@farmex.io",
    "phone1": "+34 652 466 129",
    "phone2": "+34 (91) 197 18 25",
    "address": "C/ Mayor,  41 Pedreguer"
  },
  {
    "id": 33,
    "name": "Liz",
    "firstSurname": "Lester",
    "secondSurname": "Hicks",
    "photo": "",
    "birth": "1961-4-18",
    "company": "EDECINE",
    "email": "liz.lester@edecine.us",
    "phone1": "+34 622 782 779",
    "phone2": "+34 (93) 169 65 47",
    "address": "C/ Valle Inclán,  59 Castellón"
  },
  {
    "id": 34,
    "name": "Earlene",
    "firstSurname": "Soto",
    "secondSurname": "Thomas",
    "photo": "",
    "birth": "1997-12-20",
    "company": "GYNK",
    "email": "earlene.soto@gynk.ca",
    "phone1": "+34 687 742 224",
    "phone2": "+34 (94) 280 58 75",
    "address": "C/ Colón,  102 Gandia"
  },
  {
    "id": 35,
    "name": "Margaret",
    "firstSurname": "Shelton",
    "secondSurname": "Prince",
    "photo": "",
    "birth": "1976-1-26",
    "company": "UNDERTAP",
    "email": "margaret.shelton@undertap.org",
    "phone1": "+34 635 265 153",
    "phone2": "+34 (93) 347 17 50",
    "address": "C/ Mayor,  104 Madrid"
  },
  {
    "id": 36,
    "name": "Tiffany",
    "firstSurname": "Sanchez",
    "secondSurname": "Campbell",
    "photo": "",
    "birth": "1994-11-8",
    "company": "ENTOGROK",
    "email": "tiffany.sanchez@entogrok.co.uk",
    "phone1": "+34 674 847 410",
    "phone2": "+34 (92) 254 60 98",
    "address": "C/ Cristo,  77 Castellón"
  },
  {
    "id": 37,
    "name": "Doyle",
    "firstSurname": "Berger",
    "secondSurname": "Cleveland",
    "photo": "",
    "birth": "1995-4-2",
    "company": "CYCLONICA",
    "email": "doyle.berger@cyclonica.tv",
    "phone1": "+34 643 757 471",
    "phone2": "+34 (95) 226 96 20",
    "address": "C/ Mayor,  89 Xàbia"
  },
  {
    "id": 38,
    "name": "Elnora",
    "firstSurname": "Chase",
    "secondSurname": "Armstrong",
    "photo": "",
    "birth": "1984-9-8",
    "company": "TROLLERY",
    "email": "elnora.chase@trollery.net",
    "phone1": "+34 650 841 893",
    "phone2": "+34 (96) 366 49 69",
    "address": "C/ Barranco,  105 Valencia"
  },
  {
    "id": 39,
    "name": "Bessie",
    "firstSurname": "Acosta",
    "secondSurname": "Marsh",
    "photo": "",
    "birth": "1991-1-8",
    "company": "FLYBOYZ",
    "email": "bessie.acosta@flyboyz.me",
    "phone1": "+34 663 507 365",
    "phone2": "+34 (96) 317 44 86",
    "address": "C/ Mayor,  54 Alicante"
  },
  {
    "id": 40,
    "name": "Amparo",
    "firstSurname": "Salinas",
    "secondSurname": "Hamilton",
    "photo": "",
    "birth": "1983-7-18",
    "company": "OATFARM",
    "email": "amparo.salinas@oatfarm.info",
    "phone1": "+34 657 282 218",
    "phone2": "+34 (94) 284 99 66",
    "address": "C/ Mayor,  64 Oliva"
  },
  {
    "id": 41,
    "name": "Ora",
    "firstSurname": "Price",
    "secondSurname": "Downs",
    "photo": "",
    "birth": "1980-5-5",
    "company": "TSUNAMIA",
    "email": "ora.price@tsunamia.com",
    "phone1": "+34 681 989 576",
    "phone2": "+34 (96) 165 96 68",
    "address": "C/ Barranco,  99 Pedreguer"
  },
  {
    "id": 42,
    "name": "Oneal",
    "firstSurname": "Henderson",
    "secondSurname": "Sullivan",
    "photo": "",
    "birth": "1988-10-9",
    "company": "AUTOMON",
    "email": "oneal.henderson@automon.name",
    "phone1": "+34 680 697 618",
    "phone2": "+34 (95) 232 29 95",
    "address": "C/ J.R.R. Tolkien,  83 Gandia"
  },
  {
    "id": 43,
    "name": "Julianne",
    "firstSurname": "Ward",
    "secondSurname": "Sloan",
    "photo": "",
    "birth": "1964-4-29",
    "company": "INSURESYS",
    "email": "julianne.ward@insuresys.biz",
    "phone1": "+34 674 618 417",
    "phone2": "+34 (94) 297 57 33",
    "address": "C/ Colón,  95 Barcelona"
  },
  {
    "id": 44,
    "name": "Silva",
    "firstSurname": "Santiago",
    "secondSurname": "Good",
    "photo": "",
    "birth": "1972-4-10",
    "company": "COMTENT",
    "email": "silva.santiago@comtent.io",
    "phone1": "+34 649 362 788",
    "phone2": "+34 (94) 278 34 89",
    "address": "C/ Valle Inclán,  47 Gandia"
  },
  {
    "id": 45,
    "name": "Chrystal",
    "firstSurname": "Gordon",
    "secondSurname": "Barton",
    "photo": "",
    "birth": "1968-8-12",
    "company": "CANOPOLY",
    "email": "chrystal.gordon@canopoly.us",
    "phone1": "+34 647 182 434",
    "phone2": "+34 (94) 235 69 14",
    "address": "C/ Colón,  6 Madrid"
  },
  {
    "id": 46,
    "name": "Francis",
    "firstSurname": "Mitchell",
    "secondSurname": "Vasquez",
    "photo": "",
    "birth": "1993-4-3",
    "company": "COMVENE",
    "email": "francis.mitchell@comvene.ca",
    "phone1": "+34 617 428 542",
    "phone2": "+34 (93) 230 12 38",
    "address": "C/ Recta,  100 Barcelona"
  },
  {
    "id": 47,
    "name": "Mays",
    "firstSurname": "Schwartz",
    "secondSurname": "Mercado",
    "photo": "",
    "birth": "1975-8-8",
    "company": "SUREMAX",
    "email": "mays.schwartz@suremax.org",
    "phone1": "+34 648 809 547",
    "phone2": "+34 (94) 194 15 29",
    "address": "C/ Doctor Fleming,  82 Gandia"
  },
  {
    "id": 48,
    "name": "Lucinda",
    "firstSurname": "Gaines",
    "secondSurname": "Barron",
    "photo": "",
    "birth": "1994-1-22",
    "company": "LUXURIA",
    "email": "lucinda.gaines@luxuria.co.uk",
    "phone1": "+34 663 129 650",
    "phone2": "+34 (96) 200 94 41",
    "address": "C/ Alfonso XIII,  101 Alicante"
  },
  {
    "id": 49,
    "name": "Franks",
    "firstSurname": "Sellers",
    "secondSurname": "Peterson",
    "photo": "",
    "birth": "1966-3-5",
    "company": "SARASONIC",
    "email": "franks.sellers@sarasonic.tv",
    "phone1": "+34 614 789 652",
    "phone2": "+34 (94) 295 49 44",
    "address": "C/ Alfonso XIII,  12 Murcia"
  },
  {
    "id": 50,
    "name": "Sally",
    "firstSurname": "Payne",
    "secondSurname": "Nelson",
    "photo": "",
    "birth": "1990-5-24",
    "company": "VIRXO",
    "email": "sally.payne@virxo.net",
    "phone1": "+34 634 982 883",
    "phone2": "+34 (96) 245 57 14",
    "address": "C/ Cristo,  110 Alicante"
  },
  {
    "id": 51,
    "name": "Anderson",
    "firstSurname": "Ingram",
    "secondSurname": "Powers",
    "photo": "",
    "birth": "1990-10-23",
    "company": "MAGNINA",
    "email": "anderson.ingram@magnina.me",
    "phone1": "+34 679 679 111",
    "phone2": "+34 (91) 327 97 51",
    "address": "C/ J.R.R. Tolkien,  5 Valencia"
  },
  {
    "id": 52,
    "name": "Thornton",
    "firstSurname": "Rhodes",
    "secondSurname": "Clark",
    "photo": "",
    "birth": "1971-11-9",
    "company": "ONTALITY",
    "email": "thornton.rhodes@ontality.info",
    "phone1": "+34 610 703 648",
    "phone2": "+34 (92) 375 63 28",
    "address": "C/ Barranco,  110 Oliva"
  },
  {
    "id": 53,
    "name": "Wheeler",
    "firstSurname": "Black",
    "secondSurname": "Burke",
    "photo": "",
    "birth": "1970-9-27",
    "company": "MENBRAIN",
    "email": "wheeler.black@menbrain.com",
    "phone1": "+34 641 125 412",
    "phone2": "+34 (91) 387 92 40",
    "address": "C/ J.R.R. Tolkien,  68 Madrid"
  },
  {
    "id": 54,
    "name": "Henrietta",
    "firstSurname": "Phillips",
    "secondSurname": "Tillman",
    "photo": "",
    "birth": "1987-12-31",
    "company": "FURNAFIX",
    "email": "henrietta.phillips@furnafix.name",
    "phone1": "+34 650 834 674",
    "phone2": "+34 (96) 314 79 49",
    "address": "C/ Pío Baroja,  4 Xàbia"
  },
  {
    "id": 55,
    "name": "Bailey",
    "firstSurname": "Walls",
    "secondSurname": "Short",
    "photo": "",
    "birth": "1974-11-2",
    "company": "INTERLOO",
    "email": "bailey.walls@interloo.biz",
    "phone1": "+34 694 713 410",
    "phone2": "+34 (94) 279 20 23",
    "address": "C/ Ulises,  72 Barcelona"
  },
  {
    "id": 56,
    "name": "Imogene",
    "firstSurname": "Reeves",
    "secondSurname": "Justice",
    "photo": "",
    "birth": "1968-12-31",
    "company": "GEEKOL",
    "email": "imogene.reeves@geekol.io",
    "phone1": "+34 688 381 437",
    "phone2": "+34 (96) 251 67 67",
    "address": "C/ Barranco,  44 Gandia"
  },
  {
    "id": 57,
    "name": "Kerri",
    "firstSurname": "Whitley",
    "secondSurname": "Snyder",
    "photo": "",
    "birth": "1975-9-18",
    "company": "AUTOGRATE",
    "email": "kerri.whitley@autograte.us",
    "phone1": "+34 611 897 722",
    "phone2": "+34 (92) 281 69 24",
    "address": "C/ Alfonso XIII,  49 Pedreguer"
  },
  {
    "id": 58,
    "name": "Brady",
    "firstSurname": "Cole",
    "secondSurname": "Chandler",
    "photo": "",
    "birth": "1963-11-13",
    "company": "BLEENDOT",
    "email": "brady.cole@bleendot.ca",
    "phone1": "+34 693 112 347",
    "phone2": "+34 (91) 344 13 68",
    "address": "C/ Cristo,  44 Gandia"
  },
  {
    "id": 59,
    "name": "Callie",
    "firstSurname": "Parks",
    "secondSurname": "Cote",
    "photo": "",
    "birth": "1968-9-7",
    "company": "RECRISYS",
    "email": "callie.parks@recrisys.org",
    "phone1": "+34 681 134 485",
    "phone2": "+34 (92) 375 88 60",
    "address": "C/ Alfonso XIII,  69 Valencia"
  },
  {
    "id": 60,
    "name": "Lindsey",
    "firstSurname": "Rodriguez",
    "secondSurname": "Frederick",
    "photo": "",
    "birth": "1982-5-29",
    "company": "PARAGONIA",
    "email": "lindsey.rodriguez@paragonia.co.uk",
    "phone1": "+34 664 253 697",
    "phone2": "+34 (93) 338 55 86",
    "address": "C/ Recta,  82 Albacete"
  },
  {
    "id": 61,
    "name": "April",
    "firstSurname": "Flowers",
    "secondSurname": "Harvey",
    "photo": "",
    "birth": "1996-2-25",
    "company": "DOGSPA",
    "email": "april.flowers@dogspa.tv",
    "phone1": "+34 611 728 680",
    "phone2": "+34 (96) 240 46 52",
    "address": "C/ Doctor Fleming,  37 Gandia"
  },
  {
    "id": 62,
    "name": "Montgomery",
    "firstSurname": "Chapman",
    "secondSurname": "Anderson",
    "photo": "",
    "birth": "1967-5-11",
    "company": "NORALEX",
    "email": "montgomery.chapman@noralex.net",
    "phone1": "+34 659 612 848",
    "phone2": "+34 (92) 357 21 86",
    "address": "C/ Ciscar,  67 Pedreguer"
  },
  {
    "id": 63,
    "name": "Bettye",
    "firstSurname": "Harris",
    "secondSurname": "Patrick",
    "photo": "",
    "birth": "1980-9-30",
    "company": "POLARAX",
    "email": "bettye.harris@polarax.me",
    "phone1": "+34 620 197 346",
    "phone2": "+34 (95) 375 69 19",
    "address": "C/ Recta,  56 Alicante"
  },
  {
    "id": 64,
    "name": "Yolanda",
    "firstSurname": "Myers",
    "secondSurname": "Wiley",
    "photo": "",
    "birth": "1995-7-12",
    "company": "EXOSPACE",
    "email": "yolanda.myers@exospace.info",
    "phone1": "+34 677 533 201",
    "phone2": "+34 (93) 272 87 85",
    "address": "C/ Pío Baroja,  81 Castellón"
  },
  {
    "id": 65,
    "name": "Beth",
    "firstSurname": "Bradshaw",
    "secondSurname": "Lambert",
    "photo": "",
    "birth": "1972-4-15",
    "company": "WAZZU",
    "email": "beth.bradshaw@wazzu.com",
    "phone1": "+34 623 938 833",
    "phone2": "+34 (96) 330 19 91",
    "address": "C/ Valle Inclán,  29 Xàbia"
  },
  {
    "id": 66,
    "name": "Gross",
    "firstSurname": "Hawkins",
    "secondSurname": "Luna",
    "photo": "",
    "birth": "1987-11-13",
    "company": "BESTO",
    "email": "gross.hawkins@besto.name",
    "phone1": "+34 615 789 439",
    "phone2": "+34 (92) 236 96 12",
    "address": "C/ J.R.R. Tolkien,  16 Xàbia"
  },
  {
    "id": 67,
    "name": "Misty",
    "firstSurname": "Perez",
    "secondSurname": "Kramer",
    "photo": "",
    "birth": "1962-7-26",
    "company": "ESCENTA",
    "email": "misty.perez@escenta.biz",
    "phone1": "+34 631 798 936",
    "phone2": "+34 (95) 272 48 35",
    "address": "C/ Barranco,  24 Pedreguer"
  },
  {
    "id": 68,
    "name": "Stephanie",
    "firstSurname": "Holt",
    "secondSurname": "Rich",
    "photo": "",
    "birth": "1961-11-6",
    "company": "SQUISH",
    "email": "stephanie.holt@squish.io",
    "phone1": "+34 622 689 711",
    "phone2": "+34 (94) 211 46 49",
    "address": "C/ Recta,  74 Albacete"
  },
  {
    "id": 69,
    "name": "Arline",
    "firstSurname": "Branch",
    "secondSurname": "Guthrie",
    "photo": "",
    "birth": "1987-5-11",
    "company": "DEEPENDS",
    "email": "arline.branch@deepends.us",
    "phone1": "+34 682 232 598",
    "phone2": "+34 (94) 184 95 25",
    "address": "C/ Ciscar,  84 Albacete"
  },
  {
    "id": 70,
    "name": "Molina",
    "firstSurname": "George",
    "secondSurname": "Allen",
    "photo": "",
    "birth": "1980-11-15",
    "company": "IRACK",
    "email": "molina.george@irack.ca",
    "phone1": "+34 649 509 607",
    "phone2": "+34 (96) 254 63 85",
    "address": "C/ Mayor,  88 Castellón"
  },
  {
    "id": 71,
    "name": "Amalia",
    "firstSurname": "Valencia",
    "secondSurname": "Garrison",
    "photo": "",
    "birth": "1970-2-10",
    "company": "COMTEST",
    "email": "amalia.valencia@comtest.org",
    "phone1": "+34 682 918 614",
    "phone2": "+34 (96) 159 69 79",
    "address": "C/ Abajo,  31 Oliva"
  },
  {
    "id": 72,
    "name": "Daniels",
    "firstSurname": "Brewer",
    "secondSurname": "Fitzgerald",
    "photo": "",
    "birth": "1977-3-22",
    "company": "PLAYCE",
    "email": "daniels.brewer@playce.co.uk",
    "phone1": "+34 659 315 373",
    "phone2": "+34 (92) 270 11 12",
    "address": "C/ Mayor,  4 Murcia"
  },
  {
    "id": 73,
    "name": "Nelda",
    "firstSurname": "Norton",
    "secondSurname": "Donaldson",
    "photo": "",
    "birth": "1985-9-16",
    "company": "QUILTIGEN",
    "email": "nelda.norton@quiltigen.tv",
    "phone1": "+34 693 649 147",
    "phone2": "+34 (96) 235 64 89",
    "address": "C/ Abajo,  21 Valencia"
  },
  {
    "id": 74,
    "name": "Angie",
    "firstSurname": "Alvarado",
    "secondSurname": "Schmidt",
    "photo": "",
    "birth": "1985-9-23",
    "company": "YURTURE",
    "email": "angie.alvarado@yurture.net",
    "phone1": "+34 679 845 966",
    "phone2": "+34 (96) 269 31 85",
    "address": "C/ Ulises,  12 Pedreguer"
  },
  {
    "id": 75,
    "name": "King",
    "firstSurname": "Crawford",
    "secondSurname": "Snider",
    "photo": "",
    "birth": "1997-12-6",
    "company": "NORSUL",
    "email": "king.crawford@norsul.me",
    "phone1": "+34 643 636 833",
    "phone2": "+34 (94) 397 62 52",
    "address": "C/ Recta,  92 Xàbia"
  },
  {
    "id": 76,
    "name": "Christa",
    "firstSurname": "Stuart",
    "secondSurname": "Hyde",
    "photo": "",
    "birth": "1986-7-27",
    "company": "METROZ",
    "email": "christa.stuart@metroz.info",
    "phone1": "+34 666 710 352",
    "phone2": "+34 (94) 333 37 50",
    "address": "C/ Asimov,  39 Xàbia"
  },
  {
    "id": 77,
    "name": "Gillespie",
    "firstSurname": "Farrell",
    "secondSurname": "Holden",
    "photo": "",
    "birth": "1984-3-26",
    "company": "ZENCO",
    "email": "gillespie.farrell@zenco.com",
    "phone1": "+34 667 943 143",
    "phone2": "+34 (91) 243 29 11",
    "address": "C/ J.R.R. Tolkien,  18 Madrid"
  },
  {
    "id": 78,
    "name": "Fitzpatrick",
    "firstSurname": "Stokes",
    "secondSurname": "Sargent",
    "photo": "",
    "birth": "1976-4-21",
    "company": "MAKINGWAY",
    "email": "fitzpatrick.stokes@makingway.name",
    "phone1": "+34 661 225 708",
    "phone2": "+34 (94) 193 52 57",
    "address": "C/ Arriba,  2 Alicante"
  },
  {
    "id": 79,
    "name": "Marie",
    "firstSurname": "Wong",
    "secondSurname": "Browning",
    "photo": "",
    "birth": "1990-12-9",
    "company": "XIIX",
    "email": "marie.wong@xiix.biz",
    "phone1": "+34 681 680 639",
    "phone2": "+34 (95) 190 36 81",
    "address": "C/ Cristo,  14 Madrid"
  },
  {
    "id": 80,
    "name": "Hester",
    "firstSurname": "Scott",
    "secondSurname": "Perkins",
    "photo": "",
    "birth": "1976-7-18",
    "company": "BILLMED",
    "email": "hester.scott@billmed.io",
    "phone1": "+34 690 214 168",
    "phone2": "+34 (96) 223 41 52",
    "address": "C/ Abajo,  44 Pedreguer"
  },
  {
    "id": 81,
    "name": "Latoya",
    "firstSurname": "Carr",
    "secondSurname": "Gallagher",
    "photo": "",
    "birth": "1969-9-4",
    "company": "ROCKLOGIC",
    "email": "latoya.carr@rocklogic.us",
    "phone1": "+34 691 670 746",
    "phone2": "+34 (94) 246 45 83",
    "address": "C/ Recta,  74 Albacete"
  },
  {
    "id": 82,
    "name": "Hurst",
    "firstSurname": "West",
    "secondSurname": "Martin",
    "photo": "",
    "birth": "1965-6-21",
    "company": "TERRAGO",
    "email": "hurst.west@terrago.ca",
    "phone1": "+34 612 223 423",
    "phone2": "+34 (93) 356 81 12",
    "address": "C/ Asimov,  34 Barcelona"
  },
  {
    "id": 83,
    "name": "Hilary",
    "firstSurname": "English",
    "secondSurname": "Strong",
    "photo": "",
    "birth": "1966-5-19",
    "company": "DELPHIDE",
    "email": "hilary.english@delphide.org",
    "phone1": "+34 632 231 856",
    "phone2": "+34 (94) 228 56 94",
    "address": "C/ Abajo,  77 Albacete"
  },
  {
    "id": 84,
    "name": "Fields",
    "firstSurname": "Snow",
    "secondSurname": "Jordan",
    "photo": "",
    "birth": "1999-4-14",
    "company": "SYBIXTEX",
    "email": "fields.snow@sybixtex.co.uk",
    "phone1": "+34 695 198 794",
    "phone2": "+34 (93) 179 93 85",
    "address": "C/ Cristo,  76 Madrid"
  },
  {
    "id": 85,
    "name": "Francesca",
    "firstSurname": "Ferguson",
    "secondSurname": "Diaz",
    "photo": "",
    "birth": "1990-1-24",
    "company": "MEDALERT",
    "email": "francesca.ferguson@medalert.tv",
    "phone1": "+34 637 787 562",
    "phone2": "+34 (93) 288 60 25",
    "address": "C/ Valle Inclán,  101 Murcia"
  },
  {
    "id": 86,
    "name": "Edwards",
    "firstSurname": "Mullins",
    "secondSurname": "Winters",
    "photo": "",
    "birth": "1981-2-26",
    "company": "CODAX",
    "email": "edwards.mullins@codax.net",
    "phone1": "+34 644 461 977",
    "phone2": "+34 (94) 179 79 89",
    "address": "C/ Cristo,  32 Barcelona"
  },
  {
    "id": 87,
    "name": "Carpenter",
    "firstSurname": "Steele",
    "secondSurname": "Sutton",
    "photo": "",
    "birth": "1990-12-25",
    "company": "ZAJ",
    "email": "carpenter.steele@zaj.me",
    "phone1": "+34 614 237 123",
    "phone2": "+34 (95) 283 70 46",
    "address": "C/ Pío Baroja,  4 Oliva"
  },
  {
    "id": 88,
    "name": "Morales",
    "firstSurname": "Hardy",
    "secondSurname": "Higgins",
    "photo": "",
    "birth": "1960-3-23",
    "company": "UNQ",
    "email": "morales.hardy@unq.info",
    "phone1": "+34 659 474 397",
    "phone2": "+34 (93) 321 31 31",
    "address": "C/ Ciscar,  94 Valencia"
  },
  {
    "id": 89,
    "name": "Cherry",
    "firstSurname": "Grimes",
    "secondSurname": "Logan",
    "photo": "",
    "birth": "1980-6-11",
    "company": "KATAKANA",
    "email": "cherry.grimes@katakana.com",
    "phone1": "+34 643 228 844",
    "phone2": "+34 (92) 200 77 50",
    "address": "C/ Ulises,  101 Murcia"
  },
  {
    "id": 90,
    "name": "Hutchinson",
    "firstSurname": "Christian",
    "secondSurname": "Roman",
    "photo": "",
    "birth": "1965-2-11",
    "company": "KAGGLE",
    "email": "hutchinson.christian@kaggle.name",
    "phone1": "+34 669 897 139",
    "phone2": "+34 (93) 167 60 27",
    "address": "C/ Pío Baroja,  28 Castellón"
  },
  {
    "id": 91,
    "name": "Stacie",
    "firstSurname": "Gay",
    "secondSurname": "Navarro",
    "photo": "",
    "birth": "1962-11-18",
    "company": "KROG",
    "email": "stacie.gay@krog.biz",
    "phone1": "+34 671 932 594",
    "phone2": "+34 (95) 247 75 21",
    "address": "C/ Alfonso XIII,  69 Valencia"
  },
  {
    "id": 92,
    "name": "Frye",
    "firstSurname": "Cabrera",
    "secondSurname": "Weiss",
    "photo": "",
    "birth": "1966-5-10",
    "company": "SATIANCE",
    "email": "frye.cabrera@satiance.io",
    "phone1": "+34 652 937 967",
    "phone2": "+34 (95) 223 25 29",
    "address": "C/ Recta,  70 Valencia"
  },
  {
    "id": 93,
    "name": "Knowles",
    "firstSurname": "Dawson",
    "secondSurname": "Salazar",
    "photo": "",
    "birth": "1983-8-1",
    "company": "IDETICA",
    "email": "knowles.dawson@idetica.us",
    "phone1": "+34 632 652 882",
    "phone2": "+34 (92) 258 20 30",
    "address": "C/ Pío Baroja,  58 Albacete"
  },
  {
    "id": 94,
    "name": "Wilma",
    "firstSurname": "Long",
    "secondSurname": "Head",
    "photo": "",
    "birth": "1997-11-1",
    "company": "PETICULAR",
    "email": "wilma.long@peticular.ca",
    "phone1": "+34 686 760 623",
    "phone2": "+34 (94) 315 43 61",
    "address": "C/ Abajo,  103 Murcia"
  },
  {
    "id": 95,
    "name": "Fox",
    "firstSurname": "Oneil",
    "secondSurname": "Stephens",
    "photo": "",
    "birth": "1968-4-20",
    "company": "CENTREXIN",
    "email": "fox.oneil@centrexin.org",
    "phone1": "+34 691 682 483",
    "phone2": "+34 (94) 219 23 54",
    "address": "C/ J.R.R. Tolkien,  102 Murcia"
  }
]